nama,rating,tanggal,review
,5 bintang,3 bulan lalu,"Alun-Alun Banjarnegara merupakan ruang publik yang nyaman dan ikonik di pusat kota. Tempat ini cocok untuk segala usia—anak-anak bisa bermain bebas di area bermain, sementara orang dewasa bisa bersantai, berolahraga, atau sekadar menikmati …"
,5 bintang,3 bulan lalu,"Alun-Alun Banjarnegara merupakan ruang publik yang nyaman dan ikonik di pusat kota. Tempat ini cocok untuk segala usia—anak-anak bisa bermain bebas di area bermain, sementara orang dewasa bisa bersantai, berolahraga, atau sekadar menikmati …"
,5 bintang,sebulan lalu,"Alun-alun Banjarnegara merupakan ruang publik yang menjadi pusat aktivitas masyarakat di Kabupaten Banjarnegara, Jawa Tengah. Terletak strategis di jantung kota, alun-alun ini dikelilingi oleh bangunan penting seperti Masjid Agung …"
,5 bintang,sebulan lalu,"Alun-alun Banjarnegara merupakan ruang publik yang menjadi pusat aktivitas masyarakat di Kabupaten Banjarnegara, Jawa Tengah. Terletak strategis di jantung kota, alun-alun ini dikelilingi oleh bangunan penting seperti Masjid Agung …"
,5 bintang,2 minggu lalu,"Nyaman bgt kalo kesini jalan"" trs duduk"" suasananya adem ada angin sepoi"", buat olahraga juga cocok tempatnya luas masih banyak juga pohonnya"
,5 bintang,2 minggu lalu,"Nyaman bgt kalo kesini jalan"" trs duduk"" suasananya adem ada angin sepoi"", buat olahraga juga cocok tempatnya luas masih banyak juga pohonnya"
,5 bintang,4 bulan lalu,"Nyaman. Kata pertama yang terlintas.

Luasnya B aja sih. Tawaran kuliner juga B. Tidak terlalu banyak pilihan area …"
,5 bintang,4 bulan lalu,"Nyaman. Kata pertama yang terlintas.

Luasnya B aja sih. Tawaran kuliner juga B. Tidak terlalu banyak pilihan area …"
,5 bintang,sebulan lalu,"Alun-alun Banjarnegara tepat berada di tengah kota, suasana yg tenang dan asri cocok untuk sekedar bermain, berolahraga ataupun beristirahat setelah perjalanan panjang. Berbagai fasilitas tersedia seperti Masjid An-Nur Banjarnegara yg …"
,5 bintang,sebulan lalu,"Alun-alun Banjarnegara tepat berada di tengah kota, suasana yg tenang dan asri cocok untuk sekedar bermain, berolahraga ataupun beristirahat setelah perjalanan panjang. Berbagai fasilitas tersedia seperti Masjid An-Nur Banjarnegara yg …"
,5 bintang,2 bulan lalu,"Tempatnya nyaman, tidak banyak sampah. Penjual kaki lima tidak ada jadi gak semrawut. Tertib 👍 …"
,5 bintang,2 bulan lalu,"Tempatnya nyaman, tidak banyak sampah. Penjual kaki lima tidak ada jadi gak semrawut. Tertib 👍 …"
,5 bintang,3 bulan lalu,"Seperti alun2 pada umumnya, rame penjual makanan. Harus coba dawet asli banjarnegara. Dekatnya ada masjid agung dan kantor Muhammadiyah banjarnegara"
,5 bintang,3 bulan lalu,"Seperti alun2 pada umumnya, rame penjual makanan. Harus coba dawet asli banjarnegara. Dekatnya ada masjid agung dan kantor Muhammadiyah banjarnegara"
,5 bintang,6 bulan lalu,"Mengunjungi kota Banjarnegara, tdk sah kalau belum berphoto di Alun2 kota yg  bersih, nyaman dan tertata. Suasana sore yg cerah menambah segar pandangan mata. Patung penjual minuman dawet dan rangkaian huruf Banjarnegara sebagai Landmark ikonik di alun2 ini menjadikan lebih indah dan menawan"
,5 bintang,6 bulan lalu,"Mengunjungi kota Banjarnegara, tdk sah kalau belum berphoto di Alun2 kota yg  bersih, nyaman dan tertata. Suasana sore yg cerah menambah segar pandangan mata. Patung penjual minuman dawet dan rangkaian huruf Banjarnegara sebagai Landmark ikonik di alun2 ini menjadikan lebih indah dan menawan"
